"time";"name";"score";"cumul";"moy";"cnt1";"cnt3";"cnt3"
1567152889725;"circle";0.9288623538093079;20.06441665126775;10.032208325633874;2;2;1